2,3,-3,-254.828850572919
2,4,-3,-254.828850572919
3,2,2,516.959474177128
3,4,2,516.959474177128
6,2,3,2183.20802128193
6,4,3,2183.20802128193
24,2,3,1868.80329505191
24,4,3,1868.80329505191
52,3,1,-111.489962016372
52,4,1,-111.489962016372
63,2,1,-131.35393346066
63,4,1,-131.35393346066
75,2,3,269.703411359437
75,4,3,269.703411359437
84,2,1,732.722844154705
84,4,1,732.722844154705
91,2,-1,-314.08819775015
91,4,-1,-314.08819775015
92,2,3,779.257721900655
92,4,3,779.257721900655
97,2,3,2208.08167016088
97,4,3,2208.08167016088
113,3,1,1046.03416344621
113,4,1,1046.03416344621
128,2,2,449.66871913046
128,4,2,449.66871913046
147,2,3,932.160423369948
147,4,3,932.160423369948
155,2,2,1430.82419513271
155,4,2,1430.82419513271
211,2,3,1117.40894232805
211,4,3,1117.40894232805
282,2,1,253.70398294184
282,4,1,253.70398294184
288,2,3,1034.35305581571
288,4,3,1034.35305581571
289,2,2,475.225922318042
289,4,2,475.225922318042
305,2,2,225.859349242953
305,4,2,225.859349242953
309,2,2,843.575869248345
309,4,2,843.575869248345
313,2,3,1886.82489301858
313,4,3,1886.82489301858
329,2,3,482.876456956206
329,4,3,482.876456956206
350,1,3,1366.122358847
350,4,3,1366.122358847
358,2,1,336.523082315938
358,4,1,336.523082315938
410,2,3,1198.46991566739
410,4,3,1198.46991566739
412,2,1,308.079134130882
412,4,1,308.079134130882
414,3,2,-592.709096548251
414,4,2,-592.709096548251
422,3,1,110.40013070449
422,4,1,110.40013070449
495,2,3,1573.59091006438
495,4,3,1573.59091006438
499,2,3,580.596057116304
499,4,3,580.596057116304
509,2,3,2583.08332727237
509,4,3,2583.08332727237
517,1,3,1055.33753411315
517,4,3,1055.33753411315
532,2,1,391.690112913548
532,4,1,391.690112913548
545,2,3,1805.10412605137
545,4,3,1805.10412605137
562,2,3,877.000879523813
562,4,3,877.000879523813
670,1,-1,-246.220589050591
670,4,-1,-246.220589050591
673,2,3,1563.0684097357
673,4,3,1563.0684097357
691,2,1,1013.34291222694
691,4,1,1013.34291222694
711,2,1,-486.424103587025
711,4,1,-486.424103587025
713,2,-1,531.009011448569
713,4,-1,531.009011448569
767,2,3,834.843895127996
767,4,3,834.843895127996
784,2,3,567.920330124838
784,4,3,567.920330124838
802,2,1,606.347525149319
802,4,1,606.347525149319
824,2,1,597.777600371222
824,4,1,597.777600371222
828,2,2,971.456446352147
828,4,2,971.456446352147
836,2,3,2202.17703205439
836,4,3,2202.17703205439
837,2,2,-51.7872738894384
837,4,2,-51.7872738894384
857,2,3,467.751402456818
857,4,3,467.751402456818
868,2,3,2100.41437878941
868,4,3,2100.41437878941
889,2,2,574.642461645799
889,4,2,574.642461645799
892,1,3,538.982138108255
892,4,3,538.982138108255
916,2,2,441.110977259264
916,4,2,441.110977259264
948,2,1,-42.5735731996733
948,4,1,-42.5735731996733
964,1,1,352.299599661791
964,4,1,352.299599661791
965,2,3,578.055612788289
965,4,3,578.055612788289
969,2,1,329.488833712926
969,4,1,329.488833712926
1000,1,-3,-548.505707504063
1000,4,-3,-548.505707504063
1002,2,1,485.596245404851
1002,4,1,485.596245404851
1016,1,3,633.773346851951
1016,4,3,633.773346851951
1043,3,3,1867.06302827226
1043,4,3,1867.06302827226
1046,2,2,479.454393509483
1046,4,2,479.454393509483
1070,2,1,50.3990382229781
1070,4,1,50.3990382229781
1073,2,1,421.964254189425
1073,4,1,421.964254189425
1111,2,3,635.076088038145
1111,4,3,635.076088038145
1117,2,3,1513.69611466716
1117,4,3,1513.69611466716
1134,2,1,225.534514046984
1134,4,1,225.534514046984
1165,2,3,1063.07263108508
1165,4,3,1063.07263108508
1167,2,-3,-768.673143090109
1167,4,-3,-768.673143090109
1181,2,2,749.921110270837
1181,4,2,749.921110270837
1250,2,1,-30.2319963053269
1250,4,1,-30.2319963053269
1259,2,2,475.741782755052
1259,4,2,475.741782755052
1275,2,3,1232.15656320446
1275,4,3,1232.15656320446
1289,2,2,589.684969262634
1289,4,2,589.684969262634
1308,2,2,364.100771090776
1308,4,2,364.100771090776
1310,2,1,991.753048043108
1310,4,1,991.753048043108
1317,2,1,696.086182147665
1317,4,1,696.086182147665
1325,2,2,269.208466842983
1325,4,2,269.208466842983
1331,2,2,242.182581609243
1331,4,2,242.182581609243
1384,2,3,1368.91143833573
1384,4,3,1368.91143833573
1392,2,-2,59.469392738964
1392,4,-2,59.469392738964
1412,2,3,585.473220451087
1412,4,3,585.473220451087
1462,2,2,401.298080227227
1462,4,2,401.298080227227
1466,2,2,582.162856224068
1466,4,2,582.162856224068
1497,2,1,-48.3432874469399
1497,4,1,-48.3432874469399
1561,2,2,87.3213891851433
1561,4,2,87.3213891851433
1620,2,3,490.501872239402
1620,4,3,490.501872239402
1632,2,2,253.7708135312
1632,4,2,253.7708135312
1649,2,2,774.419131668272
1649,4,2,774.419131668272
1658,3,1,-770.84785268207
1658,4,1,-770.84785268207
1660,2,3,1365.26761388094
1660,4,3,1365.26761388094
1675,2,1,558.466357544618
1675,4,1,558.466357544618
1696,3,3,144
1696,4,3,144
1731,2,1,-241.428844391328
1731,4,1,-241.428844391328
1778,2,1,132.739831116735
1778,4,1,132.739831116735
1810,2,2,558.901889997017
1810,4,2,558.901889997017
1818,2,2,368.020845821082
1818,4,2,368.020845821082
1819,2,3,1120.2137642413
1819,4,3,1120.2137642413
1835,2,2,869.926718162303
1835,4,2,869.926718162303
1858,2,3,1586.53455655703
1858,4,3,1586.53455655703
1882,2,3,608.640617655654
1882,4,3,608.640617655654
1888,2,3,809.137682352094
1888,4,3,809.137682352094
1944,3,1,382.107927835751
1944,4,1,382.107927835751
1954,3,1,356.087987635604
1954,4,1,356.087987635604
1956,2,2,86.7048128133001
1956,4,2,86.7048128133001
1958,2,1,1010.71396265509
1958,4,1,1010.71396265509
1993,2,2,787.634923388542
1993,4,2,787.634923388542
2012,2,3,1241.99918391962
2012,4,3,1241.99918391962
2021,2,3,1600.06007852383
2021,4,3,1600.06007852383
2037,2,2,-89.9613705097786
2037,4,2,-89.9613705097786
2039,2,3,1009.95199543592
2039,4,3,1009.95199543592
2045,2,2,522.836566048168
2045,4,2,522.836566048168
2078,2,3,980.860569769241
2078,4,3,980.860569769241
2096,2,3,577.744670800838
2096,4,3,577.744670800838
2101,2,2,307.045280561352
2101,4,2,307.045280561352
2106,2,2,96.8417935684688
2106,4,2,96.8417935684688
2128,2,1,87.7064419927424
2128,4,1,87.7064419927424
2140,2,2,333.344820025296
2140,4,2,333.344820025296
2212,2,3,883.353131061177
2212,4,3,883.353131061177
2219,2,3,1165.84095558639
2219,4,3,1165.84095558639
2239,2,3,446.300908720277
2239,4,3,446.300908720277
2241,2,2,351.554146982067
2241,4,2,351.554146982067
2244,2,1,681.595426441779
2244,4,1,681.595426441779
2270,2,3,932.090458997912
2270,4,3,932.090458997912
2276,2,1,917.932388333034
2276,4,1,917.932388333034
2328,2,1,-418.390383973235
2328,4,1,-418.390383973235
2360,2,2,876.048750338392
2360,4,2,876.048750338392
2367,2,2,198.185749748855
2367,4,2,198.185749748855
2381,2,3,881.198484288166
2381,4,3,881.198484288166
2394,2,1,192.579751429539
2394,4,1,192.579751429539
2395,2,3,865.901384686065
2395,4,3,865.901384686065
2415,2,3,380.558224155645
2415,4,3,380.558224155645
2416,2,2,270.741111825811
2416,4,2,270.741111825811
2420,2,1,27.2652237348507
2420,4,1,27.2652237348507
2428,2,3,500.575508364612
2428,4,3,500.575508364612
2459,2,3,379.202368479642
2459,4,3,379.202368479642
2466,2,1,589.045666902991
2466,4,1,589.045666902991
2471,2,1,362.119034258159
2471,4,1,362.119034258159
2473,2,2,450.183948623253
2473,4,2,450.183948623253
2495,2,1,-539.667118871616
2495,4,1,-539.667118871616
2514,2,1,178.717831575742
2514,4,1,178.717831575742
2524,2,1,-404.120528753886
2524,4,1,-404.120528753886
2543,2,1,592.927890196905
2543,4,1,592.927890196905
2548,2,3,723.406516852854
2548,4,3,723.406516852854
2578,2,1,1011.27694849308
2578,4,1,1011.27694849308
2583,2,2,297.672771525129
2583,4,2,297.672771525129
2588,2,1,288.579565131024
2588,4,1,288.579565131024
2635,2,2,659.289764246462
2635,4,2,659.289764246462
2640,2,3,715.990331367645
2640,4,3,715.990331367645
2667,2,3,1875.27040682553
2667,4,3,1875.27040682553
2669,2,2,1067.78849001667
2669,4,2,1067.78849001667
2672,2,3,863.654052407624
2672,4,3,863.654052407624
2683,2,2,696.392275043638
2683,4,2,696.392275043638
2733,3,2,-458.98082650719
2733,4,2,-458.98082650719
2738,2,3,882.802853312975
2738,4,3,882.802853312975
2760,2,-1,270.067138285149
2760,4,-1,270.067138285149
2761,2,2,403.533217675596
2761,4,2,403.533217675596
2786,2,1,353.804957027121
2786,4,1,353.804957027121
2797,2,1,-190.126898998475
2797,4,1,-190.126898998475
2820,2,2,245.821780766883
2820,4,2,245.821780766883
2834,2,3,627.312027279977
2834,4,3,627.312027279977
2836,2,1,105.729741966424
2836,4,1,105.729741966424
2864,2,1,652.11799916273
2864,4,1,652.11799916273
2873,2,1,-8.60431017171641
2873,4,1,-8.60431017171641
2881,2,3,611.453232400662
2881,4,3,611.453232400662
2908,2,1,377.94660300451
2908,4,1,377.94660300451
2917,1,2,306.185454546391
2917,4,2,306.185454546391
2939,2,1,1080.13126075698
2939,4,1,1080.13126075698
2970,3,2,839.309720521762
2970,4,2,839.309720521762
2972,2,1,474.14521785622
2972,4,1,474.14521785622
2975,2,1,251.076044825354
2975,4,1,251.076044825354
2976,3,3,1657.94187130727
2976,4,3,1657.94187130727
3001,2,3,394.372814414138
3001,4,3,394.372814414138
3035,2,3,923.858622230336
3035,4,3,923.858622230336
3080,2,1,303.663383992168
3080,4,1,303.663383992168
3083,1,3,572.490888235619
3083,4,3,572.490888235619
3091,1,2,139.854771297326
3091,4,2,139.854771297326
3093,2,3,918.67001648452
3093,4,3,918.67001648452
3104,2,3,1894.2850245729
3104,4,3,1894.2850245729
3108,2,1,-170.589265908798
3108,4,1,-170.589265908798
3110,2,1,747.04102713178
3110,4,1,747.04102713178
3116,2,3,1360.22221709296
3116,4,3,1360.22221709296
3117,2,3,892.769561344097
3117,4,3,892.769561344097
3131,3,3,1560.78359725781
3131,4,3,1560.78359725781
3158,2,1,972.849522732724
3158,4,1,972.849522732724
3163,2,2,-98.9826034384137
3163,4,2,-98.9826034384137
3180,2,1,-116.953205848435
3180,4,1,-116.953205848435
3233,2,1,213.417142948813
3233,4,1,213.417142948813
3235,2,2,162.189361038677
3235,4,2,162.189361038677
3245,1,2,-87.0196302757545
3245,4,2,-87.0196302757545
3252,2,1,-73.904993047119
3252,4,1,-73.904993047119
3254,2,1,997.40266926108
3254,4,1,997.40266926108
3255,2,3,688.450648412074
3255,4,3,688.450648412074
3257,2,2,566.370004333659
3257,4,2,566.370004333659
3270,2,3,785.231201432759
3270,4,3,785.231201432759
3290,2,1,399.235939134641
3290,4,1,399.235939134641
3299,2,3,477.383917559017
3299,4,3,477.383917559017
3308,2,3,814.679695534939
3308,4,3,814.679695534939
3328,2,-3,-906.582844313392
3328,4,-3,-906.582844313392
3333,2,2,545.452476463615
3333,4,2,545.452476463615
3338,1,-3,-2267.66910989778
3338,4,-3,-2267.66910989778
3343,2,2,187.233711704521
3343,4,2,187.233711704521
3355,2,1,191.555919699557
3355,4,1,191.555919699557
3358,2,3,1378.99556529745
3358,4,3,1378.99556529745
3359,2,3,990.144603740103
3359,4,3,990.144603740103
3381,2,3,1204.22626332058
3381,4,3,1204.22626332058
3382,2,1,1056.6579935623
3382,4,1,1056.6579935623
3385,2,3,849.845394130321
3385,4,3,849.845394130321
3395,3,1,730.836342564967
3395,4,1,730.836342564967
3399,2,2,561.743214058458
3399,4,2,561.743214058458
3404,2,1,370.815434975071
3404,4,1,370.815434975071
3412,1,1,173.74342710529
3412,4,1,173.74342710529
3421,2,3,1666.8318020227
3421,4,3,1666.8318020227
3444,2,1,523.799546317129
3444,4,1,523.799546317129
3447,2,1,218.353074131125
3447,4,1,218.353074131125
3459,2,3,796.309019153716
3459,4,3,796.309019153716
3461,2,3,1250.12086462733
3461,4,3,1250.12086462733
3487,2,2,238.472167236956
3487,4,2,238.472167236956
3499,2,3,1254.37277361036
3499,4,3,1254.37277361036
3502,2,1,193.349199970338
3502,4,1,193.349199970338
3542,2,1,19.7276999519227
3542,4,1,19.7276999519227
3546,2,3,572.941212695905
3546,4,3,572.941212695905
3567,2,-3,-981.284012505356
3567,4,-3,-981.284012505356
3576,2,2,524.962644709639
3576,4,2,524.962644709639
3584,2,3,664.865058322722
3584,4,3,664.865058322722
3591,2,2,395.722076253393
3591,4,2,395.722076253393
3603,2,2,-143.703809965248
3603,4,2,-143.703809965248
3632,2,1,608.083737479728
3632,4,1,608.083737479728
3633,2,3,557.822237275531
3633,4,3,557.822237275531
3642,2,3,1855.66389050713
3642,4,3,1855.66389050713
3646,2,3,1303.78937849725
3646,4,3,1303.78937849725
3648,2,-1,-521.118173821194
3648,4,-1,-521.118173821194
3661,2,1,79.104727451587
3661,4,1,79.104727451587
3678,2,3,2865.12920182467
3678,4,3,2865.12920182467
3679,2,1,-101.82202434295
3679,4,1,-101.82202434295
3689,2,1,56.3090780453504
3689,4,1,56.3090780453504
3698,2,2,242.412396992621
3698,4,2,242.412396992621
3700,2,2,545.775450373599
3700,4,2,545.775450373599
3707,2,2,380.794293627214
3707,4,2,380.794293627214
3719,2,1,-39.9380006528445
3719,4,1,-39.9380006528445
3730,2,2,871.322200552002
3730,4,2,871.322200552002
3742,2,2,551.526442035111
3742,4,2,551.526442035111
3753,2,3,906.272831589304
3753,4,3,906.272831589304
3758,2,-1,-1245.57905602102
3758,4,-1,-1245.57905602102
3777,2,3,449.036234666248
3777,4,3,449.036234666248
3810,2,1,52.5953154863596
3810,4,1,52.5953154863596
3848,2,3,1352.86167203091
3848,4,3,1352.86167203091
3850,2,1,22.43935253369
3850,4,1,22.43935253369
3873,2,-1,-15.9634680734493
3873,4,-1,-15.9634680734493
3896,2,3,737.441777781561
3896,4,3,737.441777781561
3919,2,3,1326.72330484354
3919,4,3,1326.72330484354
3931,2,1,1088.32860433572
3931,4,1,1088.32860433572
3939,3,3,1150.00656111531
3939,4,3,1150.00656111531
3941,2,-1,-906.810425662915
3941,4,-1,-906.810425662915
3943,2,1,-215.895222415841
3943,4,1,-215.895222415841
3958,2,2,466.366903726
3958,4,2,466.366903726
3959,2,3,1226.29571442032
3959,4,3,1226.29571442032
3969,2,2,828.043239605438
3969,4,2,828.043239605438
3973,2,1,762.359538529478
3973,4,1,762.359538529478
3976,2,2,28.5737487490205
3976,4,2,28.5737487490205
4005,2,1,-35.6655192425537
4005,4,1,-35.6655192425537
4013,2,1,-119.497765634932
4013,4,1,-119.497765634932
4020,2,3,1111.93338184271
4020,4,3,1111.93338184271
4025,2,2,484.816044745134
4025,4,2,484.816044745134
4089,2,1,746.533777904144
4089,4,1,746.533777904144
4110,2,1,-1009.77514574782
4110,4,1,-1009.77514574782
4127,1,2,355.395985212103
4127,4,2,355.395985212103
4155,2,1,469.881473888543
4155,4,1,469.881473888543
4242,2,3,386.989013553743
4242,4,3,386.989013553743
4255,2,2,276.203044836846
4255,4,2,276.203044836846
4263,1,2,503.632746674601
4263,4,2,503.632746674601
4314,2,3,498.195200901088
4314,4,3,498.195200901088
4339,2,2,592.180839327099
4339,4,2,592.180839327099
4351,2,3,1150.92014553195
4351,4,3,1150.92014553195
4352,2,3,5896.95888968998
4352,4,3,5896.95888968998
4386,2,3,1092.19198287052
4386,4,3,1092.19198287052
4398,2,2,-43.5356866307325
4398,4,2,-43.5356866307325
4454,2,2,808.656283837843
4454,4,2,808.656283837843
4466,2,3,1148.75852002606
4466,4,3,1148.75852002606
4490,2,3,326.513050439546
4490,4,3,326.513050439546
4500,2,1,254.784526582067
4500,4,1,254.784526582067
4537,2,1,142.475067261058
4537,4,1,142.475067261058
4548,2,3,883.679426224148
4548,4,3,883.679426224148
4596,2,1,1069.68774650245
4596,4,1,1069.68774650245
4611,2,3,790.545468633441
4611,4,3,790.545468633441
4647,1,1,53.6772644593614
4647,4,1,53.6772644593614
4680,2,1,-246.93675874131
4680,4,1,-246.93675874131
4686,2,-2,-351.649761036952
4686,4,-2,-351.649761036952
4700,2,2,450.308875863684
4700,4,2,450.308875863684
4704,2,1,1044.36086470472
4704,4,1,1044.36086470472
4728,2,1,725.564037048371
4728,4,1,725.564037048371
4782,2,3,3094.24124741283
4782,4,3,3094.24124741283
4785,2,1,-242.361426126845
4785,4,1,-242.361426126845
4796,2,1,269.389721951318
4796,4,1,269.389721951318
4799,2,1,-346.374212054181
4799,4,1,-346.374212054181
4802,1,-2,-944.600503487065
4802,4,-2,-944.600503487065
4812,2,1,-321.158645262484
4812,4,1,-321.158645262484
4824,1,2,135.898035476417
4824,4,2,135.898035476417
4843,2,3,2175.48196158448
4843,4,3,2175.48196158448
4847,2,1,237.261446734417
4847,4,1,237.261446734417
4867,2,2,-264.481294631428
4867,4,2,-264.481294631428
4923,2,3,532.880575505812
4923,4,3,532.880575505812
4934,2,1,186.201535453737
4934,4,1,186.201535453737
4955,2,3,762.889256174863
4955,4,3,762.889256174863
4960,2,3,1614.9737559512
4960,4,3,1614.9737559512
4977,2,3,886.751042168584
4977,4,3,886.751042168584
5002,2,2,1192.72163829923
5002,4,2,1192.72163829923
5048,2,1,514.453634150216
5048,4,1,514.453634150216
5086,2,1,1229.84232734932
5086,4,1,1229.84232734932
5094,2,1,-570.17083516882
5094,4,1,-570.17083516882
5121,2,3,753.705711450254
5121,4,3,753.705711450254
5178,2,2,170.262473927512
5178,4,2,170.262473927512
5191,2,-1,-116.426988634599
5191,4,-1,-116.426988634599
5202,2,3,877.143552300264
5202,4,3,877.143552300264
5209,2,-3,-1620.83112092267
5209,4,-3,-1620.83112092267
5227,2,1,590.949405768658
5227,4,1,590.949405768658
5230,2,3,729.728043528045
5230,4,3,729.728043528045
5241,2,-3,-1124.41947776041
5241,4,-3,-1124.41947776041
5262,2,3,680.340113114135
5262,4,3,680.340113114135
5264,2,2,410.272914723909
5264,4,2,410.272914723909
5279,2,3,530.135836411637
5279,4,3,530.135836411637
5302,2,3,1425.05532087929
5302,4,3,1425.05532087929
5319,2,2,-117.094359770753
5319,4,2,-117.094359770753
5333,2,1,-84.2092346462496
5333,4,1,-84.2092346462496
5374,1,2,614.712163904147
5374,4,2,614.712163904147
5395,2,2,538.452799784884
5395,4,2,538.452799784884
5399,2,3,2612.26525240639
5399,4,3,2612.26525240639
5418,2,3,611.058808563003
5418,4,3,611.058808563003
5419,2,1,692.291824668104
5419,4,1,692.291824668104
5427,2,2,784.284002934365
5427,4,2,784.284002934365
5446,2,3,1960.88985746262
5446,4,3,1960.88985746262
